,cue,association,explanation,relation
0,ability,capability,ability is the capability to do a particular job.,Synonym
1,absolute,sure,"if something is absolute, you can be sure about it.",Synonym
2,adept,smart,a smart person is very adept at learning.,HasProperty
4,admiral,rear,a rear admiral is a high ranking officer in the military.,Common-Phrase
5,agent,person,an agent is a person who acts on behalf of another person.,Thematic
8,airport,runway,the runway at the airport is for planes to take off and land.,Location
9,amass,army,an army is a thing that you can amass.,Action
10,amass,collect,if you amass something then you collect a lot of it.,Synonym
12,amiable,popular,her amiable character makes her very popular among her friends.,Result-In
13,amiable,warm,an amiable person is very warm and friendly.,HasProperty
14,anger,mad,"when someone is really mad and yelling, they are having a fit of anger.",Synonym
19,appointment,early,i try to be early for my appointments.,Time
21,appointment,time,an appointment is a scheduled date and time for a meeting.,Time
22,attend,present,attending an event means that you are present at the venue.,Synonym
23,attend,problem,the manager has to attend to the problem immediately.,Action
24,awful,rude,someone very rude would be considered awful.,Synonym
26,baked,fried,baked and fried are two ways to prepare food.,Members-of-the-same-Category
31,bastard,mean,"when a man is mean, he may be called a bastard.",HasProperty
32,beauty,natural,some women are lucky enough to have a natural beauty.,Common-Phrase
35,belong,group,i like to feel like i belong when i am part of a group.,Emotion-Evaluation
36,biblical,eden,the garden of eden is a biblical place.,Thematic
38,bibliography,source,bibliography contains information of your sources or work.,PartOf
39,bibliography,title ,bibliography contains the titles of the works.,PartOf
40,blender,fruits,my blender mostly blends fruits.,Function
41,bodily,alive,bodily parts are alive.,HasProperty
42,bodily,excrement,bodily excrements are anything that is not used by the body and removed.,Common-Phrase
46,break,split,if something breaks then it might be split in two.,Result-In
47,breath,gum,i like to chew gum to keep my breath fresh.,Function
48,breath,inhale,to breath you must inhale.,Action
49,breath,oxygen,when you breath you inhale oxygen.,Result-In
56,bring,carry,"when you bring something, you need to carry it.",Category-Exemplar-Pairs
57,bring,share,people bring dishes to a potluck to share with each other.,Result-In
58,bring,take,you must take the object to bring it with you.,Has-Prerequisite
61,bucket,wash,i use a bucket to wash my car.,Function
62,buddy,together,buddies love to spend time together.,Emotion-Evaluation
63,bunch,bananas,i buy a bunch of bananas every time i go to the grocery store.,Thematic
64,bunch,grapes,i like to set out a bunch of grapes for my family to snack on.,Thematic
65,bunch,roses,you very commonly find roses sold in a bunch.,Thematic
68,career,work,the work you do for the rest of your life is considered your career.,Category-Exemplar-Pairs
69,careful,cautious,someone who is careful is usually cautious.,Synonym
70,careful,safe,"if you want to be careful, then you're trying to be safe.",Synonym
71,carnivore,prey,carnivore animals chase after and eat their prey.,Action
72,carrying,child,sometimes parents can be seen carrying their small child.,Action
78,castle,medieval,a castle is a large building commonly found in the medieval period.,Time
79,castle,stone,a castle is often made of stone.,Material-MadeOf
83,certain,sure,"when someone is sure about something, they are certain.",Synonym
84,champagne,beer,champagne and beer are both alcoholic drinks.,Members-of-the-same-Category
86,change,spare,some people save their spare change in a container.,Common-Phrase
92,chart,visual,a chart is a visual representation of data.,HasProperty
93,chase,run,"running after someone to catch them, is chasing them.",Category-Exemplar-Pairs
94,chase,seek,"when you are chasing someone, you are seeking them.",Synonym
96,chicken,chicks,baby chickens are called chicks.,Category-Exemplar-Pairs
102,classy,elegant,his classy girlfriend always acts in an elegant manner.,Synonym
103,classy,stylist,kelly is classy and loves wearing stylist clothes.,Synonym
109,client,courtesy,customer service representatives need to show courtesy to clients.,Action
110,client,money,companies make money by providing services to their clients.,Result-In
111,climber,health,a climber must be in good health.,HasProperty
120,closed,business,this business has been closed for one month.,Action
122,clown,silly,clowns are very silly characters.,HasProperty
123,coach,leader,the coach was a leader for his team.,Category-Exemplar-Pairs
124,coating,dusting,a light dusting is considered a coating.,Synonym
125,colonel,sanders,colonel sanders is the man who started kentucky fried chicken or kfc.,Common-Phrase
126,comes,santa,kids know that santa comes on christmas eve.,Action
127,commander,authority,the commander is a person who is an authority figure.,HasProperty
128,commander,ship,a ship has a commander.,Location
134,conceive,surrogate,some couples who cannot conceive will use a surrogate to carry a baby for them.,Function
135,concerned,worried,"when a person is worried about another person, they are concerned for them.",Synonym
139,continue,persist,"if you persist with something, you continue on with it.",Synonym
140,contract,car,i signed a contract on a new car.,Action
141,contract,enforceable,a contract is a written agreement enforceable by law.,HasProperty
143,corner,street,streets meet and intersect at their corners.,PartOf
144,corporation,money,a corporation's goal is to make money.,Function
145,correct,test,"when a student takes a test, the teacher checks to see which answers are correct.",Thematic
148,correction,fix,to fix the mistake is a needed correction.,Category-Exemplar-Pairs
156,covered,discussed,if something has been covered then it's been discussed.,Synonym
157,covered,umbrella,people like to use an umbrella to be covered against the rain.,Function
159,crazy,attack,the woman suddenly became crazy and attacked the people around her.,Result-In
160,crazy,girl,he is crazy about the beautiful girl.,Emotion-Evaluation
161,curvy,sewing,when sewing it is important to make sure your lines are not curvy.,Thematic
175,deluge,torrent,a deluge and a torrent are both big rushes of water.,Members-of-the-same-Category
176,design,pattern,an artistic design may be a pattern.,HasProperty
177,detective,columbo,columbo is a much-loved tv homicide detective.,Thematic
178,different,same,different is the opposite of same.,Antonym
179,different,strange,if something is different then it's often strange.,Synonym
180,dilute,concentration,"when someone dilutes a sample, they change the concentration of the sample.",Result-In
200,dollar,earn,i work hard to earn every dollar to make ends meet.,Action
204,dominant,aggressive,"when someone is very dominant, they may seem extra aggressive.",HasProperty
206,dressed,up,"there is a saying ""all dressed up with no place to go.""",Common-Phrase
207,drinking,alcoholic,an alcoholic is a person that has taken drinking too far.,Result-In
210,driving,permit,my daughter got a driving permit.,Has-Prerequisite
219,education,teacher,you get an education from your teacher.,Function
220,elated,relief,i can imagine being elated when i feel relief over something that i had been worried about.,Result-In
224,eliminate,gone,"if something is eliminated, it is gone from the setting.",Result-In
225,emergency,ambulance,"if you have an emergency, you need to call an ambulance.",Result-In
226,enjoy,movie,she enjoys watching movies with her boyfriend.,Emotion-Evaluation
227,enjoy,music,i enjoy listening to my favorite music.,Emotion-Evaluation
228,evidence,helpful,evidence is helpful to solve a crime.,HasProperty
232,evidence,proof,evidence is proof of an occurrence of a crime.,Synonym
235,exceed,speed,"when a driver gets caught exceeding the speed limit, they get a ticket.",Action
236,excellent,perfect,the closest to excellent is perfect,Synonym
237,faithful,committed,being faithful in a relationship involves being committed to the other person.,Members-of-the-same-Category
238,faithful,respect,i do my best to show my friends that i respect and am faithful to them.,Members-of-the-same-Category
240,fantasy,movie,toy story is an example of a fantasy movie.,Common-Phrase
248,flashlight,bright,a flashlight has to be bright in order for it to be useful.,HasProperty
249,floor,area,a floor covers a large area.,PartOf
250,floor,hard,a floor is made from a hard foundation.,HasProperty
254,flowing,waves,the waves appear to be flowing down the coastline.,HasProperty
256,following,fans,if someone has a big following then they have fans.,Category-Exemplar-Pairs
261,freedom,independent,freedom is when you are independent from your parents.,Synonym
266,funny,story,he always tell funny stories to entertain his friends.,Common-Phrase
270,giving,donation,goodwill is a company that relies on people giving donations of products.,Action
271,giving,kind,giving a gift to someone is very kind.,Emotion-Evaluation
272,giving,taking,the opposite of giving is taking.,Antonym
273,glass,break,it is easy to break glass.,Action
274,glass,drinking,you put beverages in a drinking glass.,Common-Phrase
275,glasses,bifocals,bifocals are a type of glasses to help people see.,Category-Exemplar-Pairs
277,glittery,decorate,i use glittery stuff to decorate the christmas tree.,HasProperty
278,glutton,food,a glutton eats too much food.,Action
279,glutton,overeat,a glutton is a person who overeats.,HasProperty
283,goalie,score,the job of the goalie is to make sure the other team does not score.,Function
284,going,leaving,"when someone is going somewhere, they are leaving the place they are currently.",Synonym
285,going,traveling,if you are going somewhere then you're traveling to that place.,Synonym
287,goodness,benevolence,benevolence is a sign of goodness in a person.,Synonym
288,grand,adventure,we had a grand adventure.,Common-Phrase
289,grand,large,"if an object is said to be grand, it means very large.",Synonym
290,grandmother,mom,my mom's mother is my grandmother.,Category-Exemplar-Pairs
306,growing,bigger,the baby's head has been growing bigger since birth.,Common-Phrase
309,guess,insufficient,i guess the answer to the question with insufficient information given.,Result-In
310,guess,unsure,"if a person is unsure about something, they make a guess.",Result-In
312,gypsy,europe,gypsies now mainly live in europe.,Location
313,gypsy,natalie,natalie wood played gypsy rose lee in a movie.,Action
314,gypsy,people,gypsies are people that originated in northern india.,Category-Exemplar-Pairs
315,gypsy,rose,gypsy rose lee was a famous stripper.,Common-Phrase
316,happening,current,i like to read about current events that are happening.,Time
317,happening,flop,"the movie, the happening, was a major hollywood flop.",Thematic
318,happening,wahlberg,mark wahlberg starred in a movie called the happening.,Thematic
319,hatch,chicken,"when chicken's eggs hatch, chicks are born.",Action
323,hitch,interrupt,the hitch in the job has interrupted the progress.,Action
324,hitch,problem,the hitch in the task caused a problem to the team.,Result-In
325,holding,carrying,if you're holding something then you're carrying it.,Synonym
328,hotel,brolin,"james brolin starred in a tv show called ""hotel.""",Thematic
329,hotel,reservations,it is a good idea to make reservations at a hotel before your trip.,Action
330,humane,animals,people try to act in a humane way toward animals.,Thematic
340,hydrate,exercise,i try to make sure i hydrate when i exercise.,Action
341,idiom,advice,an idiom can be used to give advice in an easy to understand way.,Function
342,idiom,comparison,an idiom uses a comparison to something unrelated.,Function
353,ignition,car,you put a key in the ignition in a car to start it.,PartOf
355,ignition,fuel,i added some diesel fuel to the engine to allow ignition.,Has-Prerequisite
356,implement,enact,to implement something is to enact it.,Synonym
358,impossible,cruise,tom cruise stars in the mission impossible movies.,Thematic
361,improbable,impossible,if something is improbable then it's almost impossible.,Members-of-the-same-Category
362,indecent,exposed,"if someone goes to school with their cleavage exposed, it is considered indecent.",Result-In
363,information,facts,facts are a kind of information.,Category-Exemplar-Pairs
364,instant,hurried,wanting something in an instant means you want it very hurried.,Synonym
366,interested,intrigued,"when you are intrigued by something, you become interested in it.",Synonym
367,intuitive,gut,an intuitive person believes in their gut feelings.,HasProperty
368,jacket,fall,"in the fall, i usually wear a jacket to keep warm.",Time
369,jungle,book,"rudyard kipling wrote ""the jungle book.""",Common-Phrase
370,jungle,exotic,the jungle sounds very exotic.,HasProperty
371,junior,schwarzenegger,"arnold schwarzenegger starred in a movie called ""junior""",Thematic
372,laughter,kids,laughter is often heard when many kids are together.,Action
373,laughter,playground,much laughter can be heard on a playground.,Location
377,leaving,denver,"john denver wrote a song called ""leaving on a jet plane.""",Thematic
378,legal,case,a case could be legal or not.,HasProperty
389,lieutenant,officer,a lieutenant is a commissioned officer in the armed forces.,Category-Exemplar-Pairs
390,lieutenant,substitute,the lieutenant is a substitute for the captain.,Function
391,listening,friend,a friend is a person you can turn to when you need someone to listen.,Action
392,lobby,space,a lobby is a large space for waiting.,Category-Exemplar-Pairs
396,loosen,release,if you loosen a knot it releases.,Result-In
401,lover,simon,"paul simon wrote a song called ""50 ways to leave your lover.""",Thematic
402,loving,caretaker,caretakers act very loving towards their children.,Emotion-Evaluation
403,loving,tender,everyone should try to be loving and tender to their family.,Members-of-the-same-Category
404,magazine,celebrities,celebrities usually cover the pages of magazines.,Location
405,magazine,vogue,vogue is an american fashion and lifestyle magazine.,Category-Exemplar-Pairs
406,majority,most,majority is another way to say most.,Synonym
407,makeup,beautiful,i wear makeup in the morning to look more beautiful.,Function
408,makeup,colorful,some makeup has colorful shades.,HasProperty
412,memory,mind,your memory comes from your mind.,PartOf
415,miles,distance,"she can run for many miles, so her distance is high.",Thematic
426,mommy,child,a child often wants their mommy.,Thematic
428,monster,green,the green monster is the famous wall in fenway park.,Common-Phrase
429,month,july,independence day is in the month of july.,Category-Exemplar-Pairs
430,mountain,fuji,mt. fuji is a famous mountain in japan.,Category-Exemplar-Pairs
431,movie,scripted,movies are scripted stories about life.,HasProperty
432,moving,poignant,"if i find a poem moving, i would also find that poem poignant.",Synonym
437,obedient,listens,"if your child is obedient, they listen when you tell them what to do.",Has-Prerequisite
439,operator,phone,you used to be able to talk to an operator on the phone.,Thematic
440,operator,sade,"sade sang the song ""smooth operator.""",Thematic
441,operator,user,"if someone is an operator of something, then they're a user of it.",Synonym
442,opinion,disagreement,"sometimes when people state their opinions, it can lead to a disagreement.",Result-In
443,order,fries,a lot of people order fries with their meals.,Action
445,outspoken,loud,people who are outspoken often speak loudly.,HasProperty
446,outspoken,vehement,if someone is outspoken they are often vehement in their beliefs.,HasProperty
448,overdue,fine,"if a book is overdue at the library, you pay a fine.",Result-In
450,passing,another,passing on a road involves one car going past another car.,Action
451,passing,by,"when someone walks past you, they are just passing by.",Common-Phrase
452,passing,cautious,i am cautious when passing another vehicle.,Action
453,patient,hospital,a hospital has many patients.,Location
458,pensive,elderly,an elderly person can appear pensive when they are deep in thought.,HasProperty
459,permission,allow,"if i give my child permission to spend the night at a friends, i am allowing them to sleep there.",Synonym
461,permission,school,"to go on the school field trip, a student needs a permission slip signed by their parent.",Has-Prerequisite
463,permission,warrant,the search warrant grants permission to the police to search the suspect's home.,Result-In
468,plague,death,plagues usually result in many deaths.,Result-In
469,planet,pluto,scientist have decided pluto is only a dwarf planet.,Category-Exemplar-Pairs
470,platypus,eggs,a platypus is a mammal that lays eggs.,Action
473,pocket,back,jeans usually always have back pockets.,Common-Phrase
478,poison,dangerous,poison is a dangerous substance and should be kept away from children.,HasProperty
481,position,second,second is a position in ballet.,Thematic
482,position,third,third is a position in ballet.,Category-Exemplar-Pairs
483,possibility,anything,possibilities mean anything can happen.,Result-In
484,possibility,choose,i need to choose an answer out of several possibilities.,Action
486,possibility,odds,many people bet the odds for a possibility of winning a bet.,Thematic
488,possible,chance,"if something is possible, there is a chance that it might happen.",Synonym
489,possible,could,anything that is possible could happen.,Has-Prerequisite
490,possible,viable,"if something is viable, it may be possible.",Synonym
491,powder,face,some people put powder on their face.,Location
495,prepared,plan,having a plan for something makes you feel more prepared.,Result-In
496,pressure,constraint,constraints can build up pressure and force.,Result-In
497,priest,religious,a priest is a religious leader.,HasProperty
498,princess,daughter,the princess is the daughter of the king and queen.,Category-Exemplar-Pairs
499,printer,cartridge,an ink cartridge needs to be installed in a printer.,PartOf
504,priority,concern,your top priority is your main concern.,Synonym
505,priority,rush,"when something at the post office needs to be rushed, it will be stamped priority.",Has-Prerequisite
507,prohibition,denied,prohibition denied citizens the right to drink alcohol.,Action
511,promote,good,he gets promoted due to his good job performance.,Has-Prerequisite
513,protect,rights,the constitution is meant to protect the rights of all americans.,Function
514,prove,theory,scientists like to prove a theory.,Action
516,publicity,press,the press fill us in on all the celebrity's news and publicity.,Function
517,pulse,heart,a person's pulse measures their heart rate.,Function
518,purpose,meaning,the purpose of something is its meaning for existing.,Synonym
519,purpose,reason,something's purpose is its reason for being.,Synonym
520,quick,fast,he is running fast to the bus stop to quickly get into the bus.,Synonym
521,quick,time,i cook quickly in the evening so my family has more time to eat dinner.,Time
522,radar,speeding,a police officer can detect speeding with a radar gun.,Function
523,radioactive,atoms,"when the atoms of an element break apart, it produces radioactive energy.",Result-In
525,radioactive,nuclear,nuclear energy uses things that are radioactive.,HasProperty
527,rational,smart,you are smart if you think in a rational way.,HasProperty
531,ready,start,if you say you are ready then you want to start.,Time
533,realistic,pragmatic,a pragmatic person looks at life in a realistic way.,Synonym
534,reality,fantasy,fantasy is the opposite of reality.,Antonym
535,reality,life,humans have to face the reality of life.,Common-Phrase
537,reality,living,it is good to live in reality.,Action
538,reason,accept,his boss accepted his reason for resignation.,Action
539,reason,persuade,i need to think of a strong reason to persuade my kids to cut screening time.,Has-Prerequisite
540,record,audio,a record is a device that stores audio.,PartOf
545,refreshment,water,water is the best refreshment on the planet.,Category-Exemplar-Pairs
546,refuge,safe,"when you are given refuge, you can feel safe.",Has-Prerequisite
547,refuge,security,a refuge is a place of security.,Synonym
548,reign,king,a king reigns over his kingdom and people.,Function
549,reign,subjects,a ruler reigns over his loyal subjects.,Action
550,relationship,close,i had a close relationship with my parents.,Common-Phrase
551,report,sound,a firework with report will make a loud sound.,HasProperty
552,responsible,adult,adults have a lot of pressure to be responsible.,HasProperty
559,retrospect,past,"when i think in retrospect, i think of things that happened in the past.",Time
561,roller,spin,a roller ball is made to spin.,Function
562,roman,empire,the roman empire is an ancient country.,Common-Phrase
564,round,circle,circles are round in shape.,HasProperty
567,runny,mucus,the runny implies a nose rilled with mucus,HasProperty
569,safe,relieved,a person gets relieved when he goes to safe place.,Result-In
573,salad,dressing,the secret to a great salad is the dressing.,Emotion-Evaluation
574,salsa,spicy,salsa is usually good and spicy.,HasProperty
575,sandpaper,wood,i use sandpaper to smooth the wood before staining.,Function
581,scared,ghost,most people are scared of ghost.,Emotion-Evaluation
582,scared,murder,the residents are scared of the recent murder occurred in the community.,Emotion-Evaluation
584,scout,investigate,"when you scout a prospect, you investigate them and their abilities.",Synonym
585,scrap,rid,when you scrap something you get rid of it,Synonym
586,senator,party,a senator belongs to a particular political party.,PartOf
588,sending,receiving,the opposite of sending something is receiving something.,Antonym
589,series,string,the television series is an interesting string of happenings put together.,PartOf
590,shadowy,dark,"in the dark, everything can look shadowy.",HasProperty
593,shaker,pepper,pepper is frequently kept in a shaker.,Location
594,shape,condition,"the shape an object is in, is the condition of it.",Synonym
598,shrivel,wither,"when a flower withers, it shrivels down in size.",Result-In
600,signal,indication,a signal is another word for an indication.,Synonym
601,signal,inform,a signal informs people what to do.,Function
602,signal,react,people react to the signal given.,Result-In
603,silver,spoon,i have a silver spoon from my grandmother.,Common-Phrase
604,silver,utensils,utensils are often silver colored.,HasProperty
605,simple,living,my philosophy on living is to keep everything simple.,Thematic
606,single,one,a single ice cream cone contains one scoop of ice cream.,Synonym
610,sister,daughter,my sister is my mother's daughter.,Members-of-the-same-Category
611,skill,hobby,some people have skills that they have turned into a hobby.,Result-In
612,skill,sports,some people have a high level of skill in sports.,Thematic
619,sling,long,a sling is a long strap used to support a weight.,HasProperty
620,sling,support,i use an arm sling to support my broken arm.,Function
623,soldier,tomb,the tomb of the unknown soldier is in arlington national cemetery.,Location
634,special,interesting,if something is special then it's often interesting.,Synonym
635,special,unique,something that is special is usually unique.,Synonym
637,stairs,floors,the stairs take you to different floors in the house.,PartOf
638,stall,car,if you don't shift correctly then your car can stall.,Action
639,stance,posture,having a good stance is the same as having good posture.,Synonym
640,standing,feet,my feet hurt when i've been standing for a long time.,Result-In
641,standing,posture,"when someone is standing, their posture can be observed.",Result-In
644,starting,show,the show will be starting.,Action
645,steady,endurance,running at a steady pace shows that you have endurance.,Has-Prerequisite
647,steady,stable,"when someone is steady, they are stable on their feet.",Synonym
648,stick,match,matches are usually in stick form.,HasProperty
650,story,author,authors write stories for a living.,Function
652,strand,thread,a strand of thread is used for sewing.,PartOf
653,strategic,calculated,a strategic plan is careful calculated.,Synonym
654,strategic,tactical,a strategic plan should be very tactical.,Synonym
659,support,politician,you can support a politician by putting a yard sign in your yard.,Action
660,supportive,helpful,being helpful to show you are supportive of a friend is great.,Synonym
664,surpass,excel,"when a person surpasses what they're are supposed to do, they excel.",Synonym
665,surprise,birthday,people like to surprise their loved ones with a party on their birthday.,Time
666,sweet,caroline,"neil diamond had a huge hit with the song ""sweet caroline.""",Common-Phrase
667,tablet,ipad,the ipad is one of the most popular tablets.,Category-Exemplar-Pairs
668,tactful,conversation,when having a conversation you have to be tactful with your words so you don't hurt anyone's feelings.,Action
669,tactful,words,"when trying to be tactful, you need to choose your words carefully.",Has-Prerequisite
676,thousand,years,a thousand years is a length of time.,Common-Phrase
677,throat,sore,a sore throat is associated with colds and flu.,HasProperty
678,tired,feel,i feel tired after a long day of work.,Emotion-Evaluation
679,tired,work,he is tired after working overtime for two days.,Result-In
680,total,all,the total number of an object includes all of them.,Synonym
681,tradition,jimmy,"many people have the tradition at christmas time of watching ""it's a wonderful life"" with jimmy stewart.",Thematic
684,twist,cap,you twist the cap off a bottle.,Action
685,understand,language,when someone speaks a second language they understand it.,Action
689,vacuum,noisy,a vacuum is noisy when it is working.,HasProperty
690,vampire,sharp,a vampire has two sharp teeth.,HasProperty
692,vegetation,food,vegetation is grown to make food for humans.,Function
693,vegetation,water,the process of vegetation requires supply of water.,Has-Prerequisite
694,violate,breach ,"when a building is breached, someone has violated the safety blocks.",Synonym
695,vivid,bright,"when a photo is vivid, the colors are very bright.",HasProperty
697,waste,bad,he has a bad habit of wasting food.,Emotion-Evaluation
698,waste,money,i do not like wasting money on unnecessary things.,Action
699,weekend,break,the weekend is a short break from work.,Time
700,weekend,yardwork,"this weekend, i will do yardwork.",Time
702,weeping,sad,if someone is weeping they are likely sad.,Category-Exemplar-Pairs
709,weirdo,unique,a weirdo is a unique person.,HasProperty
710,woman,breasts,a woman has breasts that are typically larger than a man.,PartOf
711,woman,pregnancy,a woman goes to the doctor during her pregnancy.,HasProperty
712,wonder,awe,"if you are in wonder of something, you are in awe of it.",Synonym
714,working,computer,most working people use a computer for many hours during the day.,Function
715,worried,scared,"when someone is worried about something, they are usually scared about that particular subject.",Synonym
717,wounds,heal,"with time, most wounds heal.",Action
718,wrath,punishment,"when parents give their child a punishment, the child is feeling the parents' wrath.",Emotion-Evaluation
723,writing,essay,she starts writing an essay for her college enrollment.,Action
724,yelling,loud,if someone is yelling then they're loud.,HasProperty
725,absent,present,present is the opposite of absent,Antonym
726,absent,present,present is the opposite of absent.,Antonym
727,absent,missing,absent is the synonym of the missing,Synonym
728,absent,present,the opposite of absent is present.,Antonym
729,absolute,vodka,absolute is a type of vodka though spelled differently,Category-Exemplar-Pairs
730,absolutely,totally,absolutely has a similar meaning as totally.,Synonym
731,absolutely,utterly,absolutely has a similar meaning as utterly.,Synonym
732,abstract,summary,an abstract can be said to be the summary of a publication.,Category-Exemplar-Pairs
733,abstract,concrete,abstract is the opposite of concrete.,Antonym
734,access,allow,to access something you often need to be allowed.,Has-Prerequisite
735,access,entry,access is a synonym for entry.,Synonym
736,actually,truly,actually is a synonym for truly.,Synonym
737,additive,addition ,additive is synonym of the addition,Synonym
738,adept,skillful,adept is a synonym for skillful.,Synonym
739,advantage,disadvantage,advantage is the opposite of disadvantage.,Antonym
740,advantage,edge,advantage has a similar meaning as edge.,Synonym
741,advertise,webads,webads are a form of online advertisement,Category-Exemplar-Pairs
742,advertise,marketing,advertising is a key part of marketing.,PartOf
744,agreeable,disagreeable,the opposite of agreeable is disagreeable.,Antonym
745,ahead,behind,behind is the opposite of ahead.,Antonym
746,alien,space,aliens live on other planets in space.,Location
747,alien,space,an alien comes from outer space.,Location
749,alien,space,there probably are aliens in outer space.,Location
750,ammunition,bullets,bullets are a type of ammunition.,Category-Exemplar-Pairs
755,angles,gradient,angle has a similar meaning as gradient.,Synonym
756,angles,slant,angle has a similar meaning as slant.,Synonym
757,animal,pet,animals in the household are considered pets.,Function
758,animal,bird,a bird is a type of animal.,Category-Exemplar-Pairs
760,animal,mammal,a mammal is a type of animal.,Category-Exemplar-Pairs
761,animal,beast,animal defined as the beast,Synonym
764,apartment,furnished,the apartment was expensive because it was fully furnished.,HasProperty
765,apartment,small,apartments can sometimes be small.,HasProperty
766,apartment,dwelling,an apartment is a type of dwelling.,Category-Exemplar-Pairs
767,apartment,flat,apartment has a similar meaning as flat.,Synonym
768,apple,green,he bit into the green apple.,HasProperty
769,apple,red,the red apple fell off the tree.,HasProperty
771,apple,fruit,an apple is a sweet fruit.,Category-Exemplar-Pairs
773,apple,fruit,an apple is one of the most common fruits in the world,Category-Exemplar-Pairs
774,apple,fruit,apple is a delicious type of fruit.,Category-Exemplar-Pairs
776,apple,green,i like to eat green apple more.,HasProperty
778,argument,debate,an argument is a form of debate with opposing views.,Category-Exemplar-Pairs
779,arouse,sex,"to have sex, i need to be aroused.",Has-Prerequisite
780,assistance,social benefits,social benefits is a type of assistance that is needed.,Category-Exemplar-Pairs
781,attend,accompany,attend is the synonym of the accompany,Synonym
782,attend,miss,"if you missed the festival, you did not attend it.",Antonym
784,aware,enlightened,aware has a similar meaning as enlightened.,Synonym
787,bathroom,clean,bathrooms need to be cleaned frequently.,Has-Prerequisite
789,battle,war,a battle is a smaller part of a war.,PartOf
790,battle,war,war is another word for battle.,Synonym
791,beautiful,handsome,beautiful has a similar meaning as handsome.,Synonym
792,bedroom,bed,bedrooms have a bed for you to sleep in.,PartOf
793,bedroom,bed,i went to my bedroom to lay on my bed.,PartOf
796,believable,likely,believable has a similar meaning as likely.,Synonym
797,belong,consist,belong is also defined to the consist.,Synonym
798,beret,hat,a beret is a type of hat.,Category-Exemplar-Pairs
799,bicycle,pedal,a bicycle has two pedals.,PartOf
800,bicycle,ride,i last week bicycle ride with my friends,Function
802,bicycle,street,there are many bicycles in the street.,Location
803,bicycle,cycling,cycling to work on my bicycle can be tough in heavy rain.,Function
805,blaster,gun,a blaster is a type of gun,Category-Exemplar-Pairs
807,blender,kitchen,in my kitchen i have many blender,Location
808,blender,mix,i use the blender to mix ingredients.,Function
811,board,wood,the board is made out of a rare wood.,Material-MadeOf
812,bottle,container,"a bottle is a container, containing something.",Category-Exemplar-Pairs
813,bottle,container,a bottle is a type of container.,Category-Exemplar-Pairs
814,bottle,transparent,bottles are usually transparent because they are made of glass,HasProperty
816,bottle,glass,most bottles are made of glass as the main material,Material-MadeOf
817,brave,animals,animals need to be brave when dealing with their enemies.,Has-Prerequisite
818,bridge,connect,a bridge connects two pieces of land,Function
819,bridge,connect,bridges connect two pieces of land separated by water.,Function
820,bridge,connect,the bridge is what connect the two mega cities.,Function
821,bridge,construction,the construction of the bridge has started.,Category-Exemplar-Pairs
822,bridge,long,the bridge is too long to be completed soon.,HasProperty
824,bucket,container,a bucket is a type of container.,Category-Exemplar-Pairs
825,buddy,boyfriend,buddy is defined as the boyfriend,Synonym
826,build,cars,cars need to be built from scratch.,Has-Prerequisite
827,build,construct,build is the synonym of the construct.,Synonym
829,building,brick,the brick building was sturdy and tall.,Material-MadeOf
830,building,cement,all building are make cement,Material-MadeOf
833,building,tall,the building was tall and overshadowed the smaller ones around it.,HasProperty
834,building,wood,wood is often used to make a building.,Material-MadeOf
835,bullet,kill,a bullet can kill someone.,Function
836,bullet,round,a bullet is often referred to as a round.,HasProperty
837,bullet,shooting,bullets are involved in a shooting.,Function
838,bullet,slug,bullet is the another word of slug,Synonym
839,bunch,clump,bunch has a similar meaning as clump.,Synonym
840,bunch,group,bunch has a similar meaning as group.,Synonym
842,business,occupation,business has a similar meaning as occupation.,Synonym
844,cafeteria,school,every school has a cafeteria for the kids to eat lunch in,Location
846,cafeteria,school,the cafeteria at any school is a social melting pot,Location
847,cafeteria,school,the school cafeteria was clean and bright.,Location
848,camera,picture,the camera took a black and white picture,Function
849,camera,picture,you can take many pictures with a camera.,Function
850,camera,lens,the camera lens was very dirty.,HasProperty
852,carpet,dirty,carpets get very dirty over time.,HasProperty
853,carpet,dirty,the carpet is dirty and needed to be cleaned.,HasProperty
854,carpet,fur,some carpets can be bought that are made of fur,Material-MadeOf
855,chair,office,you have many chairs in the office,Location
856,chair,bench,a bench is a longer type of chair for people to sit on.,Category-Exemplar-Pairs
858,champagne,france,champagne is a region in france,PartOf
859,champagne,bubbly,champagne is bubbly when you first open and pour,HasProperty
861,champagne,sparkling,champagne is a sparkling wine,HasProperty
863,charity,love,showing charity to the needy is synonyms to showing them love,Synonym
864,cheap,expensive,the opposite of cheap is expensive.,Antonym
867,chest,body,the chest is a very important part of the body.,PartOf
868,chickadee,bird,a chickadee is a bird.,Category-Exemplar-Pairs
869,chickadee,bird,a chickadee is a type of bird.,Category-Exemplar-Pairs
871,chickadee,bird,the girl enjoyed learning about birds and she found the chickadee to be adorable,Category-Exemplar-Pairs
872,chickadee,small,a chickadee is a small bird.,HasProperty
873,chickadee,small,chickadees are one of the smallest animals.,HasProperty
874,chickadee,small,chickadees tend to be quite small.,HasProperty
875,children,school,children need to attend school.,Has-Prerequisite
876,children,family,children are usually part of a family.,PartOf
877,choke,abuse,"if you choke someone, that is a form of abuse",Category-Exemplar-Pairs
878,choke,suffocate,choke is also defined as the suffocate,Synonym
879,cholesterol,fat,cholesterol is a type of fat.,Category-Exemplar-Pairs
880,cholesterol,medication,if your cholesterol is too high you might need to take medication for it.,Has-Prerequisite
882,clear,transparent,clear has a similar meaning as transparent.,Synonym
884,climber,mountain,a climber can be seen hiking on a mountain.,Location
886,climber,mountain,the climber ascended the mountain slowly.,Location
887,climber,mountain,the climber got to the top of the mountain.,Location
888,clock,wall,a clock can hang on a wall,Location
889,clock,wall,clocks sometimes hang on the wall.,Location
890,clock,wall,most walls have a clock on them.,Location
893,closed,open,a door can be open or closed.,Antonym
894,closed,open,the opposite of something being closed is when it's open.,Antonym
895,closer,farther,closer is the opposite of farther.,Antonym
896,closer,nearer,closer is a synonym for nearer.,Synonym
898,clove,plant,clove can also mean a form of plant.,Category-Exemplar-Pairs
899,coffee,caffeine,coffee usually has a lot of caffeine in it,PartOf
900,coffee,caffeine,the caffeine in the coffee made my stomach hurt.,PartOf
901,coffee,bitter,"when you drink coffee straight without any sugar or cream, it tastes bitter.",HasProperty
904,commander,leader,commander has a similar meaning as leader.,Synonym
905,comment,opinion,comment is the synonym of the opinion,Synonym
908,community,people,people are part of a community.,PartOf
911,comrade,family,a comrade is a person that is part of the family.,PartOf
912,concede,admit,concede has a similar meaning as admit.,Synonym
913,conceited,egotistical,conceited has a similar meaning as egotistical.,Synonym
914,conceited,vain,conceited has a similar meaning as vain.,Synonym
915,confused,befuddled,confused is a synonym for befuddled.,Synonym
916,conundrum,riddle ,a riddle is a type of conundrum.,Category-Exemplar-Pairs
917,conundrum,problem,conundrum is a synonym for problem.,Synonym
918,cordial,friendly,cordial has a similar meaning as friendly.,Synonym
920,cornucopia,profusion,cornucopia is also defined as the profusion,Synonym
921,corny,banal,corny has a similar meaning as banal.,Synonym
922,corny,vapid,corny has a similar meaning to vapid.,Synonym
924,cotton,cloth,my cloth is mostly made of cotton.,Material-MadeOf
925,counsel,therapy,"when you seek therapy, you need to be counseled.",Has-Prerequisite
927,counterfeit,false,counterfeit is a synonym for false.,Synonym
928,cover,blanket,a blanket is a type of cover.,Category-Exemplar-Pairs
930,cream,colour,cream is a type of colour.,Category-Exemplar-Pairs
931,cream,dessert,desserts often feature some type of cream.,Category-Exemplar-Pairs
932,credit,income,credit needs to be established with income.,Has-Prerequisite
933,critical,reproving,critical has a similar meaning as reproving.,Synonym
937,crying,sadness,when you are full of sadness sometimes you just need to cry.,Has-Prerequisite
938,crying,sob,cry has a similar meaning as sob.,Synonym
939,crying,weep,cry has a similar meaning as weep.,Synonym
940,crystal,chandelier,there are many fancy chandeliers made of crystal.,Material-MadeOf
941,danger,threat,"sometimes, a threat can be a type of danger.",Category-Exemplar-Pairs
943,decision,outcome,a decision is another word for an outcome.,Synonym
944,decisive,done,to get a job done there needs to be a decisive person on the team.,Has-Prerequisite
948,decor,look,decor has a similar meaning as look.,Synonym
949,defense,offense,the defense is the opposite of the offense.,Antonym
950,defense,offense,the opposite of defense is offense.,Antonym
951,delicious,mouthwatering,delicious has a similar meaning as mouthwatering.,Synonym
953,design,plan,plan is the another word of design,Synonym
954,diagram,drawing,a diagram is a type of drawing,Category-Exemplar-Pairs
955,diagram,picture,a diagram is a type of picture,Category-Exemplar-Pairs
957,different,dissimilar,"if two things are different they a not similar, or dissimilar",Synonym
958,discuss,argument,an argument is a part of a discussion.,PartOf
959,dismiss,terminate,dismiss is the synonym of the terminate,Synonym
960,doctor,surgeon,a surgeon is a type of doctor.,Category-Exemplar-Pairs
961,doctor,clinician,doctor has a similar meaning as clinician.,Synonym
962,domestic,family,your household and family are part of your domestic responsibilities.,PartOf
963,domestic,internal,domestic is the another word of internal,Synonym
964,domestic,foreign,something is either foreign or domestic.,Antonym
965,downstairs,upstairs,downstairs is the opposite of upstairs.,Antonym
966,dream,sleep,daily i am getting dream during the sleep time.,PartOf
967,drive,license,get a license and then drive the cars,Has-Prerequisite
968,drive,license,license is very important for drive,Has-Prerequisite
969,drive,vehicle,without vehicle we cannot drive so this is also more related,Has-Prerequisite
970,education,learning,to get an education you need to be learning.,Has-Prerequisite
971,elated,delighted,elated has a similar meaning as delighted.,Synonym
972,elated,thrilled,elated has a similar meaning as thrilled.,Synonym
973,electricity,science,electricity is part of science.,PartOf
974,element,metals,a couple of elements are made of precious metals.,Material-MadeOf
975,element,chemistry,element is the part of the chemistry,PartOf
976,element,krypton,krypton is the part of the element,PartOf
977,elementary,basic,basic is a synonym of elementary.,Synonym
979,entire,complete,entire has a similar meaning as complete.,Synonym
980,environment,ocean,the ocean is a part of the environment.,PartOf
981,environment,tree,trees are a part of the environment.,PartOf
983,escape,flee,escape has a similar meaning as flee.,Synonym
985,especially,mostly,mostly has a similar meaning as especially.,Synonym
987,excellent,great ,great is another word for excellent.,Synonym
989,exciting,thrilling,exciting has a similar meaning as thrilling.,Synonym
990,explain,understand,"to understand the concept, you need to explain it again.",Has-Prerequisite
992,extremely,very,extremely is a synonym for very.,Synonym
993,failing,practice,"when you keep failing, you need to practice more",Has-Prerequisite
994,family,sister,my sister is an important part of my family.,PartOf
995,fantastic,fabulous,fabulous is the another word related to fantastic,Synonym
996,fantasy,magic,a fantasy setting usually contains some type of magic.,Category-Exemplar-Pairs
998,father,mother,my father and mother have a great relationship.,Antonym
1000,fickle,picky,fickle is a synonym for picky.,Synonym
1001,fighter,boxer,a boxer is a type of fighter.,Category-Exemplar-Pairs
1003,final,last,final has a similar meaning as last.,Synonym
1004,flashlight,lantern,a flashlight is similar to a lantern.,Synonym
1005,floor,hard,a floor made of tile is very hard.,Material-MadeOf
1007,forgot,failed,failed has a similar meaning as forgot.,Synonym
1008,forgot,remember,i try to remember certain things but often forget because i'm so busy.,Antonym
1009,forgot,remember,"if i forgot something, i didn't remember it.",Antonym
1010,forgot,remember,the opposite of forgetting is remembering.,Antonym
1011,forgot,remember,when i forgot the party i failed to remember it,Antonym
1014,furnace,incinerator,an incinerator is a type of furnace that burns things to produce heat.,Category-Exemplar-Pairs
1015,furnace,service,the furnace needed to be serviced soon.,Has-Prerequisite
1016,gangster,mob,a gangster is part of the mob,PartOf
1020,gateway,entrance,gateway is the another word of entrance.,Synonym
1022,gelatin,jelly,gelatin is used to make most types of jelly.,Category-Exemplar-Pairs
1023,general,specific,general is the opposite of specific.,Antonym
1024,gently,kindly,gently has a similar meaning as kindly.,Synonym
1025,gently,tenderly,gently has a similar meaning as tenderly.,Synonym
1026,glass,clear,glass is a clear substance.,HasProperty
1028,glass,cup,a cup can be made of glass.,Material-MadeOf
1029,glass,mirror,a mirror is made of glass.,Material-MadeOf
1031,goose,animal,a goose is an animal.,Category-Exemplar-Pairs
1032,goose,bird,a goose is a type of bird.,Category-Exemplar-Pairs
1034,goose,white,goose have white coats on their bodies.,HasProperty
1035,goose,game,a goose is a type of board game.,Category-Exemplar-Pairs
1037,government,congress,congress is a part of the government.,PartOf
1038,government,congress,congress is part of the american government.,PartOf
1039,government,judiciary,judiciary system is the important part of the government,PartOf
1040,grandma,family,grandma is considered an important party of family,PartOf
1041,grandma,family,my grandma is very important person in my family.,PartOf
1042,grandmother,family,my grandmother is part of my extended family.,PartOf
1043,grater,metal,a cheese grater is normally made of metal,Material-MadeOf
1044,green,colour,green is a type of colour.,Category-Exemplar-Pairs
1047,grounds,soil,grounds can have different types of soil,Category-Exemplar-Pairs
1049,hardly,scarcely,hardly has a similar meaning as scarcely.,Synonym
1050,haven,forever,forever live in the haven,Location
1051,haven,refuge,haven has a similar meaning as refuge.,Synonym
1052,haven,retreat,haven has a similar meaning as retreat.,Synonym
1053,heaven,hell,hell is the opposite of heaven,Antonym
1054,heaven,life,heaven will be the best part of life.,PartOf
1056,highest,peak,the highest part of a mountain is called the peak,PartOf
1057,hillbilly,country,hillbillies prefer to live in the country,Location
1058,hillbilly,mountains,the hillbilly usually lives in the mountains.,Location
1059,hillbilly,southern,the hillbilly usually lives in the southern part of the us.,Location
1062,hippo,pink,a hippo is a big pink animal.,HasProperty
1063,hippo,africa,hippo live in the continent of africa,Location
1065,hollow,dented,hollow is the synonym of the dented,Synonym
1066,hollow,dished,hollow is also defined as dished,Synonym
1067,horrible,terrible,terrible is another word for horrible.,Synonym
1068,horse,animal,a horse is a type of animal.,Category-Exemplar-Pairs
1070,house,door,"the door is a part of a house, without a door you cant get into the house",PartOf
1073,house,family,my family lives in a small house.,Location
1074,hydrate,drink,if you need to hydrate you need to get a drink,Has-Prerequisite
1075,hydrate,drink,to hydrate yourself you need to drink something,Has-Prerequisite
1077,ice,melt,ice needs heat to melt.,Action
1079,idiotic,dumb,dumb is another word for idiotic.,Synonym
1080,igloo,eskimo,eskimos live in igloos sometimes,Location
1081,igloo,eskimo,the eskimo lived in an igloo.,Location
1082,igloo,ice,igloo's are made of blocks of ice.,Material-MadeOf
1083,igloo,ice,igloos are made of ice.,Material-MadeOf
1084,igloo,ice,the igloo was made of ice,Material-MadeOf
1085,immortal,mortal,mortal is an oppeosite word of immortal.,Antonym
1086,indent,format,indent is a form of format on microsoft word.,Category-Exemplar-Pairs
1088,indent,notch,indent has a similar meaning as notch.,Synonym
1091,inside,outside,inside and outside are opposites.,Antonym
1092,instant,immediately,instantly is another word for immediately,Synonym
1094,interested,curious,curious is a synonym for interested,Synonym
1095,interested,engaged,engaged is used as a synonym for interested,Synonym
1096,intervene,intercede,intervene has a similar meaning as intercede.,Synonym
1097,intervene,interrupt,intervene has a similar meaning as interrupt.,Synonym
1098,intervene,intrude,often times when someone intervenes on another person it is very similar to intruding.,Synonym
1099,intrinsic,inherent,intrinsic properties are similar to an inherent trait.,Synonym
1100,inward,inside,inward is similar to looking inside of something.,Synonym
1103,jerky,beef,the jerky is made of beef.,Material-MadeOf
1104,jester,comedian,jesters are similar to modern day comedians.,Synonym
1106,jobless,unemployed,jobless also defined as the unemployed,Synonym
1108,jolly,merry,jolly is another word for merry.,Synonym
1109,judgment,decision,a decision can be synonymous for a judgment.,Synonym
1110,lately,recently,lately has a similar meaning as recently.,Synonym
1111,lately,recently,recently is another word to describe lately.,Synonym
1114,ledger,account book,ledger is also defined as the account book,Synonym
1115,ledger,record,ledger is defined as the record,Synonym
1116,legal,illegal,if something is not legal it is illegal.,Antonym
1117,legal,illegal,the opposite of being legal is illegal.,Antonym
1118,liberty,right,liberty is a form of human right.,Category-Exemplar-Pairs
1119,lieutenant,military,a lieutenant is part of the military.,PartOf
1120,local,inhabitant,local has a similar meaning as inhabitant.,Synonym
1121,local,native,local has a similar meaning as native.,Synonym
1122,locked,sealed,a locked gate is similar to a sealed entrance an egyptian tomb.,Synonym
1124,longer,largest,longer is another word of largest,Synonym
1126,loose,sloppy,a loose meat sandwich is similar to a sloppy joe.,Synonym
1127,loose,tight,"it was supposed to be loose, but it's tight.",Antonym
1128,loosen,tie,when you wear a tie to take it off you need to loosen it,Has-Prerequisite
1129,loosen,slacken,loosen word is similar to slacken,Synonym
1130,lord,ruler,a ruler is another word for a lord.,Synonym
1131,loudly,quietly,loudly is the opposite of quietly.,Antonym
1132,madam,lady,a madam is another word for a lady.,Synonym
1133,madam,woman,a madam is another word for a woman.,Synonym
1134,major,minor,the opposite of major is minor.,Antonym
1135,majority,minority,majority is the opposite of minority.,Antonym
1136,majority,minority,the opposite of majority is minority.,Antonym
1137,makeup,lipstick,lipstick is one type of makeup.,Category-Exemplar-Pairs
1138,makeup,powder,makeup also come in the form of powder.,Category-Exemplar-Pairs
1141,matter,business,matter has a similar meaning as business.,Synonym
1143,maybe,perhaps,maybe is a synonym for perhaps.,Synonym
1144,mayor,town,the mayor is having a meeting at town hall,Location
1145,mayor,government,a mayor is part of the government,PartOf
1146,mayor,town,a mayor is part of a town's government.,PartOf
1147,mechanics,worker,a mechanic is a type of worker.,Category-Exemplar-Pairs
1148,medicine,cabinet,i have a special cabinet for my medicines.,Location
1149,medicine,cabinet,"if you feel sick, there is some medicine in the cabinet.",Location
1150,medicine,pills,a lot of medicine comes in the form of pills,Category-Exemplar-Pairs
1153,merchandise,shirt,shirt is the part of the merchandise,PartOf
1155,mischievous,bad,mischievous has a similar meaning as bad.,Synonym
1156,misguided,human,being occasionally misguided is an unavoidable part of the human experience.,PartOf
1157,mission,military,mission is something that is defined in the military service,Synonym
1160,monster,bed,a monster might be hiding under the bed.,Location
1161,monster,bed,i look for monsters underneath my bed.,Location
1163,morning,coffee,people commonly have coffee as a part of their morning routine,PartOf
1164,mother,mom,"when i think of the word mother, i also think of its synonym, which is mom.",Synonym
1165,nasal,nose,your nasal cavity is part of your nose.,PartOf
1169,neglect,ignore,ignoring your children is a form of neglect.,Category-Exemplar-Pairs
1170,nickel,coin,a nickel is a type of coin.,Category-Exemplar-Pairs
1171,nickel,coins,a nickel is a type of coin.,Category-Exemplar-Pairs
1172,nickel,metal ,nickel is a type of metal.,Category-Exemplar-Pairs
1175,notify,tell,notify has a similar meaning as tell.,Synonym
1176,notwithstanding,but,but has a similar meaning to notwithstanding.,Synonym
1177,notwithstanding,however,however is a synonym of notwithstanding.,Synonym
1179,nurse,hospital,my son wants to be a nurse in a hospital.,Location
1180,nurse,hospital,"nurses work in hospitals, so hospital quickly came to mind.",Location
1181,nurse,hospital,the nurse worked hard in the emergency room at the hospital.,Location
1182,objective,mission,my objectives are part of my mission.,PartOf
1183,objective,subjective,the opposite of objective is subjective.,Antonym
1185,opinion,newspaper,i see a lot of opinion pieces in the newspaper,Location
1187,outside,inside,the opposite of outside is inside.,Antonym
1188,overdue,delayed,overdue is the synonym of the delayed.,Synonym
1189,overdue,late,overdue is also defined as the late,Synonym
1190,overwhelm,swamp,swamp whose meaning is similar to the word overwhelm,Synonym
1191,palace,king,the king lived in a palace with his family,Location
1192,palace,queen,"her majesty, the queen lives in the palace.",Location
1194,paper,tree,the paper is gotten from the tree.,Material-MadeOf
1195,parliament,government,parliament is a type of government in many countries.,Category-Exemplar-Pairs
1196,parliament,government,parliament is part of the government.,PartOf
1197,payment,zelle,zelle was an accepted form of payment at the store,Category-Exemplar-Pairs
1198,peace,love,love is needed to make peace.,Has-Prerequisite
1199,pensive,cerebral,cerebral is another word for pensive because pensive is used to indicate serious thought.,Synonym
1201,pessimist,optimist,"an optimist is the opposite of a pessimist,",Antonym
1202,pessimist,optimists,pessimists are the polar opposites of optimists.,Antonym
1203,pessimist,optimist,the opposite of a pessimist is an optimist.,Antonym
1205,piano,heavy,a piano is usually really heavy.,HasProperty
1206,piano,music,a piano is used to make music.,Function
1207,piano,music,a piano is used to produce music.,Function
1208,piano,music,piano is a beautiful instrument that plays music.,Function
1209,piano,instrument,a piano is a type of musical instrument.,Category-Exemplar-Pairs
1210,picture,photograph,a picture is another word for a photograph.,Synonym
1211,piety,shrine,i think of a piety as being similar to a shrine as both the piety and shrine are treated as sacred objects.,Synonym
1214,planet,space,there are many planets in outer space.,Location
1216,plant,garden,i planted flowers in my garden.,Location
1218,platypus,animal,the platypus was an animal that lived in the water,Category-Exemplar-Pairs
1219,platypus,mammal,a platypus is a mammal.,Category-Exemplar-Pairs
1220,platypus,mammal,the duck-billed platypus is a mammal.,Category-Exemplar-Pairs
1221,police,government,police are part of a government.,PartOf
1222,policy,law,a law is one type of a policy.,Category-Exemplar-Pairs
1223,poorly,crappy,"when things are done poorly, a synonym i like to use is crappy",Synonym
1224,portray,describe,portray is also defined as the describe,Synonym
1225,potato,vegetable,a potato is a type of vegetable.,Category-Exemplar-Pairs
1226,potato,vegetable,a potato is a vegetable.,Category-Exemplar-Pairs
1227,potato,vegetable,potato is a type of vegetable,Category-Exemplar-Pairs
1228,potato,vegetables,a potato is a type of vegetable.,Category-Exemplar-Pairs
1229,powder,coke,coke is a form of powder.,Category-Exemplar-Pairs
1230,pray,faith,a person of faith prays a lot.,Has-Prerequisite
1231,premium,reward,premium is defined as the reward,Synonym
1234,princess,palace,a princess lives in a palace.,Location
1235,probably,likely,probably is a synonym for likely.,Synonym
1236,professor,teacher,a professor is a type of teacher.,Category-Exemplar-Pairs
1237,professor,college,the word professor is almost synonymous to college or university.,Synonym
1239,program,television,there are a lot of programs on the television.,Location
1240,program,initiative,program has a similar meaning as initiative.,Synonym
1241,program,plan,program has a similar meaning as plan.,Synonym
1242,proof,evidence,if you are giving proof there usually needs to be some type of evidence.,Category-Exemplar-Pairs
1243,proud,haughty,haughty is the synonym of the proud,Synonym
1244,prove,evidence,evidence is needed to prove a theory.,Has-Prerequisite
1246,proxy,broker,proxy is also defined as the broker,Synonym
1247,public,known,public has a similar meaning as known.,Synonym
1248,public,overt,public has a similar meaning as overt.,Synonym
1249,purse,bag,purse is a small form of bag,Category-Exemplar-Pairs
1251,question,inquiry,question has a similar meaning as inquiry.,Synonym
1252,question,query,question has a similar meaning as query.,Synonym
1253,quick,fast,quick is the synonym of the fast,Synonym
1254,quick,rapid,quick is also defined as a rapid,Synonym
1255,quiet,loud,quiet is the opposite of loud.,Antonym
1256,quiet,noisy,quiet is the opposite of noisy.,Antonym
1257,rabbit,animal,a rabbit is a small type of animal.,Category-Exemplar-Pairs
1259,rabbit,animal,rabbit is a fast animal.,Category-Exemplar-Pairs
1260,rabbit,furry,the rabbit was big and furry.,HasProperty
1261,rabbit,pet,he kept a rabbit as a pet.,Function
1262,rabbit,warren,the rabbits lived in an extensive warren.,Location
1263,raspberry,fruit,a raspberry is a fruit.,Category-Exemplar-Pairs
1265,raspberry,fruit,i have always had the doubt whether raspberry is a fruit or a berry.,Category-Exemplar-Pairs
1266,raspberry,fruit,raspberry is a fruit that few people talk about,Category-Exemplar-Pairs
1268,raspberry,pink,the sweet raspberry was pink.,HasProperty
1269,raspberry,red,raspberries are mostly red in color.,HasProperty
1270,raspberry,red,raspberries are small red colored fruit.,HasProperty
1273,reading,scrutiny,reading has a similar meaning as scrutiny.,Synonym
1274,regardless,anyway,anyway is just another synonym for regardless.,Synonym
1275,relationship,family,family is a type of relationship.,Category-Exemplar-Pairs
1276,relationship,association,relationship has a similar meaning as association.,Synonym
1277,relationship,link,relationship has a similar meaning as link.,Synonym
1278,relax,chill,chill is just another word for laying back and relaxing.,Synonym
1279,replace,convert,"to convert something into something else, you need to replace parts.",Has-Prerequisite
1280,replace,change,replace also defined as the change,Synonym
1281,replace,substitute,replace is the synonym of the substitude,Synonym
1282,rescue,equipment,equipment is needed to perform a rescue.,Has-Prerequisite
1283,rhapsody,bohemian,the word rhapsody is part of a song name called bohemian rhapsody.,PartOf
1284,rifle,gun,a rifle is a dangerous gun.,Category-Exemplar-Pairs
1285,rifle,gun,a rifle is a type of gun,Category-Exemplar-Pairs
1287,rifle,hunting,he killed them with his hunting rifle.,Function
1288,rifle,hunting,"if you are hunting deer, you need to being along a rifle.",Function
1290,rifle,weapon,a rifle is a weapon,Category-Exemplar-Pairs
1292,rifle,hunting,"if you are hunting deer, you need to being along a rifle.",Has-Prerequisite
1293,right,left,i need to know whether to turn left or right when driving.,Antonym
1295,roughly,forcefully,roughly has a similar meaning as forcefully.,Synonym
1296,roughly,violently,roughly has a similar meaning as violently.,Synonym
1297,running,cardio,running is a good form of cardio training.,Category-Exemplar-Pairs
1299,sandpaper,harsh,sandpaper has a harsh texture.,HasProperty
1300,sandpaper,rough,the sandpaper was too rough for the job.,HasProperty
1301,sandpaper,rough,the sandpaper was very rough on the outside,HasProperty
1302,sandpaper,sanding,i need sandpaper for sanding.,Function
1304,scared,frightened,frightened is a synonym for scared.,Synonym
1305,score,tally,a score is a type of tally kept in a game between two teams.,Category-Exemplar-Pairs
1307,seldom,rarely,seldom is a synonym for rarely.,Synonym
1308,sense,taste,taste is a type of sense.,Category-Exemplar-Pairs
1309,sequence,line,"a line is a form of sequence, one after the other.",Category-Exemplar-Pairs
1311,seriously,solemnly,seriously has a similar meaning as solemnly.,Synonym
1312,settle,relax,"if you want to settle down, then you need to relax.",Has-Prerequisite
1313,settle,situate,if you want to settle then you need to situate everything.,Has-Prerequisite
1315,shaker,container,a shaker is a type of container.,Category-Exemplar-Pairs
1317,shanty,poor,poor people lives in shanty.,Location
1319,shark,ocean,"sharks hunt in the water, so be careful at the ocean if you see one.",Location
1320,shark,tank,sharks are sometimes locked in tanks.,Location
1321,shark,big,the shark is very big.,HasProperty
1322,shark,large,sharks are very dangerous and extremely large.,HasProperty
1323,shark,sea,sharks usually live in the sea.,Location
1325,shrink,grow,grow is the opposite of shrink.,Antonym
1326,silver,metal,silver is a type of metal.,Category-Exemplar-Pairs
1327,silver,cutlery,all of the cutlery was made of silver.,Material-MadeOf
1328,silver,jewelry,i prefer my jewelry that is made of silver rather than gold.,Material-MadeOf
1329,silver,ring,the ring on the woman's finger was made of silver,Material-MadeOf
1330,simply,unburdened,simply defines a condition where one is unburdened of many things in a situation.,Synonym
1331,sincerely,truly,sincerely is a synonym of truly.,Synonym
1332,single,married,a single person is not married.,Antonym
1333,singular,plural,singular is the opposite of plural,Antonym
1335,skunk,animal,a skunk is one of many types of animals.,Category-Exemplar-Pairs
1336,skunk,animal,the animal that i had run over was a skunk.,Category-Exemplar-Pairs
1337,skunk,smelly,skunks can be very smelly,HasProperty
1338,skunk,stripe,the stunk had a large stripe.,HasProperty
1339,small,big,small is the antonym of the big,Antonym
1340,small,big,the opposite of small is big.,Antonym
1342,snuggle,nestle,snuggle has a similar meaning as nestle.,Synonym
1343,snuggle,settle,snuggle has a similar meaning as settle.,Synonym
1344,soccer,sport,soccer is a form of sport,Category-Exemplar-Pairs
1345,socialism,government,socialism is a form of politics which i associate with the government.,Category-Exemplar-Pairs
1346,socialism,government,socialism is a type of government.,Category-Exemplar-Pairs
1347,solvent,chemical,solvents are usually made with harsh chemicals.,Material-MadeOf
1348,solvent,cleaner,the cleaner was made of two different solvent liquids.,Material-MadeOf
1350,south,north,south is the opposite of north directions wise,Antonym
1352,sowing,soil,"when you're sowing something, you need to use soil to plant it.",Has-Prerequisite
1353,spaghetti,pasta,spaghetti is a specific type of stringy pasta.,Category-Exemplar-Pairs
1354,spaghetti,pasta,spaghetti is a type of pasta.,Category-Exemplar-Pairs
1355,speech,talk,speech is a synonym of talk.,Synonym
1356,speech,talking,talking is another word for speech,Synonym
1358,split,cut,"if you want to split an object, you need to cut it.",Has-Prerequisite
1360,squeak,screak,squeak is the synonym of the screak,Synonym
1361,stability,assurance,assurance is a form of stability and vice versa.,Category-Exemplar-Pairs
1362,stage,theater,actors perform on a stage in a theater.,PartOf
1363,stairs,wood,many stairs are made of wood,Material-MadeOf
1365,stall,bathroom,i expect to find a stall in a bathroom.,Location
1366,stall,bathroom,i waited at the bathroom stall to pee.,Location
1367,stall,bathroom,the bathroom stall was occupied,Location
1368,stall,bathroom,there are many stalls in the bathroom,Location
1369,stall,bathroom,there are stalls inside a public bathroom.,Location
1370,stall,horse,horses live in stalls in a barn.,Location
1371,steak,grill,a steak is a type of meat that is often cooked on a grill.,Location
1372,steak,meat,steak is a type of meat.,Category-Exemplar-Pairs
1373,stencil,sheet,stencil can be a form of a thin sheet.,Category-Exemplar-Pairs
1374,stick,branch,the stick is a branch of the tree,Synonym
1375,stone,construction,the stone used for construction was the best,Function
1376,stone,gem,a gem is a type of valuable stone.,Category-Exemplar-Pairs
1377,stone,mountain,a mountain is made of stone.,Material-MadeOf
1378,stone,wall,a wall can be made of stone.,Material-MadeOf
1379,stone,rock,a stone is another word for a rock.,Synonym
1380,store,market,a market is another word for a store.,Synonym
1381,storm,sea,a sea storm is a storm in the ocean.,Location
1382,storm,tornado,a tornado is a type of storm.,Category-Exemplar-Pairs
1383,storm,tornado,a tornado is similarly destructive like a storm is.,Synonym
1384,story,fable,a fable is a type of story.,Category-Exemplar-Pairs
1385,story,tale ,a fairy tale is a type of story.,Category-Exemplar-Pairs
1386,strand,string,a strand of something is similar to a string of something in terms of scope.,Synonym
1387,streets,concrete,the streets are made of concrete.,Material-MadeOf
1388,strength,weakness,i have a few strengths and more than one weakness.,Antonym
1389,strike,unite,if they wanted to strike they would need to unite.,Has-Prerequisite
1391,stuck,move,"if i'm stuck, i am unable to move.",Antonym
1392,student,classroom,a student learns within the classroom environment.,Location
1394,student,school,students usually go to some kind of school,Location
1397,sudden,unforeseen,sudden has a similar meaning as unforeseen.,Synonym
1398,sugar,galactose,galactose is the part of the sugar,PartOf
1400,supposed,thought,supposed is a synonym of thought.,Synonym
1401,sustain,monitor,"in order to sustain a resource, you need to monitor it.",Has-Prerequisite
1402,synonym,antonym,antonym is the opposite of synonym.,Antonym
1403,synonym,similar,a synonym is using another word that has a similar meaning to the word you first used.,Synonym
1404,synonym,antonym,antonym is the antonym of synonym.,Antonym
1407,table,chairs,a table has with chairs with it,Thematic
1408,table,round,"the table was round, and it took up too much space.",HasProperty
1409,tables,wood,the tables are made of wood.,Material-MadeOf
1410,tablet,computer,a tablet is a small type of computer.,Category-Exemplar-Pairs
1411,tactful,considerate,tactful is defined as the considerate,Synonym
1412,teacher,classroom,a teacher works in a classroom.,Location
1413,teacher,school,a teacher is a part of a school.,PartOf
1415,telephone,communicate,people often communicate over the telephone.,Function
1416,terrific,fantastic,fantastic is a synonym for terrific.,Synonym
1417,thief,burglar,thief has a similar meaning as burglar.,Synonym
1419,throat,body,the human throat is a part of the human body,PartOf
1420,ticket,game,when you want to go to a game you need to buy a ticket,Has-Prerequisite
1421,ticket,license,ticket has a similar meaning as license.,Synonym
1422,ticket,pass,ticket has a similar meaning as pass.,Synonym
1423,tired,exhausted ,exhausted is an extreme form of being tired.,Category-Exemplar-Pairs
1424,title,name ,"a title can be part of someone's name, like duke or duchess.",PartOf
1425,total,all,total is a synonym for all.,Synonym
1426,totally,certainly,totally is another word for certainly.,Synonym
1427,totally,completely,i think of totally as being 100% which is very similar to completely and they are both adverbs.,Synonym
1428,totally,definitely,totally is another word for definitely.,Synonym
1429,tournament,championship,tournament has a similar meaning as championship.,Synonym
1430,tournament,contest,tournament has a similar meaning as contest.,Synonym
1431,trash,dump,the trash is taken to the dump.,Location
1432,trash,dump,trash is found at dumps.,Location
1434,trial,case,trial has a similar meaning as case.,Synonym
1435,trial,suit,trial has a similar meaning as suit.,Synonym
1436,trousers,clothing,trousers are a piece o clothing.,Category-Exemplar-Pairs
1437,trousers,pants,"his pants, or trousers, were made of corduroy.",Synonym
1438,trousers,pants,"pants are american and trousers are british, but they are the same thing",Synonym
1439,trousers,pants,pants can be used in place of trousers.,Synonym
1440,trousers,pants,"some people call trousers, pants.",Synonym
1441,trousers,short,his trousers were too short to wear.,HasProperty
1442,truck,big,the truck is so big it couldn't go through the gate.,HasProperty
1444,truck,long,the truck was so long.,HasProperty
1445,truck,transport,they use truck to transport goods that are perishable,Function
1446,truck,vehicle,truck is a big type of vehicle,Category-Exemplar-Pairs
1447,truck,pickup,a pickup is a type of truck.,Category-Exemplar-Pairs
1448,truly,really,truly is a synonym for really.,Synonym
1450,trust,confidence,trust has a similar meaning as confidence.,Synonym
1452,truth,lie,lie is the opposite of truth.,Antonym
1454,truth,correct,telling the truth is synonyms to telling what is correct,Synonym
1455,twist,dance,the twist is a type of dance.,Category-Exemplar-Pairs
1457,unalike,dissimilar,unalike another word dissimilar is same meaning,Synonym
1458,unalike,alike,unalike and alike is opposite meaning words,Antonym
1460,uncle,family,an uncle is a member of your family.,PartOf
1461,uncle,family,an uncle is part of a family.,PartOf
1462,undercover,sting,the cop went undercover as part of a drug bust sting operation.,PartOf
1463,undertaken,done,in order to get the job done some action needs to be undertaken.,Has-Prerequisite
1464,upset,distressed,upset has a similar meaning as distressed.,Synonym
1465,upset,disturbed,upset has a similar meaning as disturbed.,Synonym
1466,upstream,flow,upstream is in the direction opposite to the flow of a stream.,Antonym
1468,uptown,cafes,the uptown part of my city has many cafes.,PartOf
1472,utility,electric,electric bills are part of the utilities.,PartOf
1474,utilize,employ,utilize has a similar meaning as employ.,Synonym
1476,utilize,use,utilize has a similar meaning as use.,Synonym
1477,variable,equation,a variable is part of an equation.,PartOf
1478,variable,changeable,variable is another word for changeable.,Synonym
1479,vegetation,plants,vegetation includes many types of plants.,Category-Exemplar-Pairs
1480,visit,arrive,visit is the synonym of the arrive.,Synonym
1481,voice,loud,the voice from the man was too loud.,HasProperty
1483,voluntary,serviceman,voluntary is a synonym of serviceman,Synonym
1484,voodoo,magic,voodoo is a form of magic.,Category-Exemplar-Pairs
1485,voodoo,spiritual,voodoo is a form of spirituality more than a religion.,Category-Exemplar-Pairs
1486,wallet,pocket,most men keep a wallet in their pocket.,Location
1487,wallet,pocket,most men keep their wallet in their back pocket.,Location
1488,wallet,pocket,the best place to keep your wallet is in your pocket so it doesn't get lost.,Location
1491,weight,science,weight is the important part of the science,PartOf
1492,weight,load,load is also defined as the weight,Synonym
1493,wheel,round,the wheel was out of round.,HasProperty
1494,wheel,circular,a wheel is some kind of circular device that rotates.,HasProperty
1496,worse,good,the opposite end of the spectrum from worse is good.,Antonym
1497,wounds,cut,a large cut is a type of wound.,Category-Exemplar-Pairs
1498,writer,job,a writer is a type of job.,Category-Exemplar-Pairs
1499,yelling,screaming,yelling is a synonym for screaming.,Synonym
1500,yesterday,tomorrow,yesterday is the opposite of tomorrow.,Antonym
1501,young,old,both young and old are invited.,Antonym
1502,young,old,everyone is invited- from young to old.,Antonym
1503,young,old,the opposite of being young is being old.,Antonym
1504,adore,love,to adore a person is to love a person,Synonym
1505,adore,love,to adore something is to love it.,Synonym
1506,adore,love,"when you love something, you also adore it.",Synonym
1507,advantage,benefit,take advantage definitely get benefit,Result-In
1508,advantage,benefit,"when you have an advantage, you have more benefits than others.",Result-In
1509,bedroom,bed,bedrooms have a bed for you to sleep in.,Location
1510,bedroom,closet,he took his shirt from the closet in the bedroom,Location
1511,bedroom,dresser,you will usually find a dresser in a bedroom.,Location
1513,bicycle,wheels,bicycles usually have more than one wheel to operate,PartOf
1514,blender,blades,a blender has blades to help chop up things and mix them.,PartOf
1515,blender,blades,a blender usually has 4 moderately sharp blades,PartOf
1516,bullet,wound,a bullet creates a wound if it hits an animal or a person.,Result-In
1517,bullet,painful,getting shot with a bullet was painful.,Result-In
1518,camera,capture,the camera was able to capture the vibrant colors of her dress.,Action
1520,champagne,drunk,the champagne made the man drunk.,Result-In
1521,clock,hands,a clock has hands that show the hour and minute.,PartOf
1522,clock,hands,the clock has three hands.,PartOf
1523,football,sport,football is a sporting event.,Category-Exemplar-Pairs
1524,glass,window,i think of glass as typically being used for a window such as a glass window.,Function
1525,goose,beak,a goose usually has an orange beak.,PartOf
1526,goose,fly,the goose needed to fly south for the winter.,Action
1527,horse,gallop,the horse galloped beside the river.,Action
1528,horse,gallop,the horse gallops in the field.,Action
1529,jacket,winter,the man wore a winter jacket to stay warm,Common-Phrase
1530,jacket,winter,we should get some winter jacket at the store.,Common-Phrase
1531,piano,keys,a grand piano is made up of eighty-eight keys.,PartOf
1532,piano,keys,a piano has a lot of keys.,PartOf
1534,piano,music,i hear piano music in the evening.,Common-Phrase
1535,piano,music,i like to hear piano music.,Common-Phrase
1536,platypus,bill,a platypus is an animal that has a bill,PartOf
1538,platypus,swim,i saw a platypus swim in the water.,Action
1539,poison,deadly,poison can be deadly for humans.,Result-In
1540,poison,kill,the poison can kill the lion.,Action
1542,rabbit,hop,rabbits hop along everywhere they go.,Action
1543,rabbit,hop,rabbits hop around the yard.,Action
1547,skunk,stink,the skunk will stink up the place if it feels threatened.,Action
1548,stick,branch,sticks are made out of branches.,PartOf
1549,stick,wood,sticks are made out of wood.,Material-MadeOf
1550,stone,throw,i like to throw stones at a river.,Action
1551,stone,rock,stone and rock are synonyms.,Synonym
1554,table,plate,he put the plate on the dinner table.,Location
1555,table,plate,tables always have plates on them.,Location
1556,telephone,cord,the telephone cord was very long,Common-Phrase
1557,trousers,belt,the belt held up the trousers.,Function
1558,trousers,jeans,trousers also come in the form of jeans,Material-MadeOf
9,career,money,my career allows me to earn money to pay for life's essentials.,Function
144,saving,money,i wish i was paid enough to be saving money.,Action
23,cowgirl,boots,cowgirls are like to wear boots.,PartOf
24,cowgirl,boots,a cowgirl wears boots as part of her outfit.,HasProperty
29,dinner,food,the food served for dinner was amazing.,Emotion-Evaluation
57,forgive,forget,to forgive does not mean to forget.,Thematic
93,payment,money,money is an accepted form of payment in most places.,Function
99,reality,life,humans have to face the reality of life.,Action
112,salad,dressing,the secret to a great salad is the dressing.,Thematic
122,starting,first,starting is what needs to be done first before other steps of the process,Has-Prerequisite
125,utilize,advantage,the basketball coach has the advantage of utilizing a very solid line up.,Result-In
127,weeping,sad,if someone is weeping they are likely sad.,Emotion-Evaluation